{
    "ST_FCNC-TH_Thadronic_HToaa_eta_hct-MadGraph5-pythia8": {
        "br": 1.0, 
        "filter_eff": 1, 
        "matched_xs": true, 
        "productions": {
            "RunIIAutumn18MiniAOD-tauDecays_102X_upgrade2018_realistic_v15-v1": {
                "n_events_tot": 3904000, 
                "sum_of_weights": 3900804.809350603
            }, 
            "RunIIFall17MiniAODv2-PU2017_12Apr2018_tauDecays_94X_mc2017_realistic_v14-v1": {
                "n_events_tot": 3975000, 
                "sum_of_weights": 3971803.386794715
            }
        }, 
        "scale1fb_2016": 0, 
        "scale1fb_2017": 1.9143560391935853e-06, 
        "scale1fb_2018": 1.949199247748519e-06, 
        "xs": 0.0076034458
    }, 
    "ST_FCNC-TH_Thadronic_HToaa_eta_hut-MadGraph5-pythia8": {
        "br": 1.0, 
        "filter_eff": 1, 
        "matched_xs": true, 
        "productions": {
            "RunIIAutumn18MiniAOD-tauDecays_102X_upgrade2018_realistic_v15-v1": {
                "n_events_tot": 3862000, 
                "sum_of_weights": 3846846.2087756507
            }, 
            "RunIIFall17MiniAODv2-PU2017_12Apr2018_tauDecays_94X_mc2017_realistic_v14-v1": {
                "n_events_tot": 3812000, 
                "sum_of_weights": 3797157.187337479
            }
        }, 
        "scale1fb_2016": 0, 
        "scale1fb_2017": 2.8980591155659116e-05, 
        "scale1fb_2018": 2.860625406572311e-05, 
        "xs": 0.11004386
    }, 
    "ST_FCNC-TH_Tleptonic_HToaa_eta_hct-MadGraph5-pythia8": {
        "br": 1.0, 
        "filter_eff": 1, 
        "matched_xs": true, 
        "productions": {
            "RunIIAutumn18MiniAOD-tauDecays_102X_upgrade2018_realistic_v15-v1": {
                "n_events_tot": 3839000, 
                "sum_of_weights": 3836084.147266517
            }, 
            "RunIIFall17MiniAODv2-PU2017_12Apr2018_tauDecays_94X_mc2017_realistic_v14-v1": {
                "n_events_tot": 3923000, 
                "sum_of_weights": 3919950.872907832
            }, 
            "RunIISummer16MiniAODv3-PUMoriond17_94X_mcRun2_asymptotic_v3-v1": {
                "n_events_tot": 1998784, 
                "sum_of_weights": 1998784.0
            }
        }, 
        "scale1fb_2016": 1.9334798557522975e-06, 
        "scale1fb_2017": 9.858818963037722e-07, 
        "scale1fb_2018": 1.0074358256071648e-06, 
        "xs": 0.0038646086
    }, 
    "ST_FCNC-TH_Tleptonic_HToaa_eta_hut-MadGraph5-pythia8": {
        "br": 1.0, 
        "filter_eff": 1, 
        "matched_xs": true, 
        "productions": {
            "RunIIAutumn18MiniAOD-tauDecays_102X_upgrade2018_realistic_v15-v1": {
                "n_events_tot": 3908000, 
                "sum_of_weights": 3892406.6981986365
            }, 
            "RunIIFall17MiniAODv2-PU2017_12Apr2018_tauDecays_94X_mc2017_realistic_v14-v1": {
                "n_events_tot": 3951000, 
                "sum_of_weights": 3935263.9233557023
            }, 
            "RunIISummer16MiniAODv3-PUMoriond17_94X_mcRun2_asymptotic_v3-v2": {
                "n_events_tot": 1997685, 
                "sum_of_weights": 1997685.0
            }
        }, 
        "scale1fb_2016": 2.7998440695104583e-05, 
        "scale1fb_2017": 1.4213040367647126e-05, 
        "scale1fb_2018": 1.4369532614843343e-05, 
        "xs": 0.055932065
    }, 
    "ST_HAD_HCT_2016_20200522_v1_STEP4_v1": {
        "br": 1.0, 
        "filter_eff": 1, 
        "matched_xs": true, 
        "productions": {
            "private_2016": {
                "n_events_tot": 1000000, 
                "sum_of_weights": 1000000.0
            }
        }, 
        "scale1fb_2016": 7.603445799999999e-06, 
        "scale1fb_2017": 0, 
        "scale1fb_2018": 0, 
        "xs": 0.0076034458
    }, 
    "ST_HAD_HUT_2016_20200522_v1_STEP4_v1": {
        "br": 1.0, 
        "filter_eff": 1, 
        "matched_xs": true, 
        "productions": {
            "private_2016": {
                "n_events_tot": 1000000, 
                "sum_of_weights": 1000000.0
            }
        }, 
        "scale1fb_2016": 0.00011004386, 
        "scale1fb_2017": 0, 
        "scale1fb_2018": 0, 
        "xs": 0.11004386
    }, 
    "TT_FCNC-T2HJ_aThadronic_HToaa_eta_hct-MadGraph5-pythia8_TuneCUETP8M1": {
        "br": 1.0, 
        "filter_eff": 1, 
        "matched_xs": true, 
        "productions": {
            "RunIISummer16MiniAODv3-PUMoriond17_94X_mcRun2_asymptotic_v3-v1": {
                "n_events_tot": 1127765, 
                "sum_of_weights": 1127765.0
            }
        }, 
        "scale1fb_2016": 0.00013273197873670488, 
        "scale1fb_2017": 0, 
        "scale1fb_2018": 0, 
        "xs": 0.14969048
    }, 
    "TT_FCNC-T2HJ_aTleptonic_HToaa_eta_hct-MadGraph5-pythia8": {
        "br": 1.0, 
        "filter_eff": 1, 
        "matched_xs": true, 
        "productions": {
            "RunIISummer16MiniAODv3-PUMoriond17_94X_mcRun2_asymptotic_v3-v1": {
                "n_events_tot": 1050153, 
                "sum_of_weights": 1050153.0
            }
        }, 
        "scale1fb_2016": 6.831875736202248e-05, 
        "scale1fb_2017": 0, 
        "scale1fb_2018": 0, 
        "xs": 0.071745148
    }, 
    "TT_FCNC-T2HJ_aTleptonic_HToaa_eta_hct_TuneCP5-MadGraph5-pythia8": {
        "br": 1.0, 
        "filter_eff": 1, 
        "matched_xs": true, 
        "productions": {
            "RunIIAutumn18MiniAOD-tauDecays_102X_upgrade2018_realistic_v15-v1": {
                "n_events_tot": 1006357, 
                "sum_of_weights": 1004906.1151064009
            }, 
            "RunIIFall17MiniAODv2-PU2017_12Apr2018_tauDecays_94X_mc2017_realistic_v14-v1": {
                "n_events_tot": 950797, 
                "sum_of_weights": 949503.0287801264
            }
        }, 
        "scale1fb_2016": 0, 
        "scale1fb_2017": 7.556073632769192e-05, 
        "scale1fb_2018": 7.139487651779642e-05, 
        "xs": 0.071745148
    }, 
    "TT_FCNC-TtoHJ_aThadronic_HToaa_eta_hct-MadGraph5-pythia8": {
        "br": 1.0, 
        "filter_eff": 1, 
        "matched_xs": true, 
        "productions": {
            "RunIIFall17MiniAODv2-PU2017_12Apr2018_94X_mc2017_realistic_v14-v2": {
                "n_events_tot": 1006958, 
                "sum_of_weights": 1005542.0
            }
        }, 
        "scale1fb_2016": 0, 
        "scale1fb_2017": 0.00014886546757867893, 
        "scale1fb_2018": 0, 
        "xs": 0.14969048
    }, 
    "TT_FCNC-TtoHJ_aThadronic_HToaa_eta_hut-MadGraph5-pythia8": {
        "br": 1.0, 
        "filter_eff": 1, 
        "matched_xs": true, 
        "productions": {
            "RunIIFall17MiniAODv2-PU2017_12Apr2018_94X_mc2017_realistic_v14-v3": {
                "n_events_tot": 1007890, 
                "sum_of_weights": 1006512.0
            }
        }, 
        "scale1fb_2016": 0, 
        "scale1fb_2017": 0.00014874810235744832, 
        "scale1fb_2018": 0, 
        "xs": 0.14971675
    }, 
    "TT_FCNC-TtoHJ_aThadronic_HToaa_eta_hut-MadGraph5-pythia8_TuneCUETP8M1": {
        "br": 1.0, 
        "filter_eff": 1, 
        "matched_xs": true, 
        "productions": {
            "RunIISummer16MiniAODv3-PUMoriond17_94X_mcRun2_asymptotic_v3-v1": {
                "n_events_tot": 955927, 
                "sum_of_weights": 955927.0
            }
        }, 
        "scale1fb_2016": 0.00015661943851361036, 
        "scale1fb_2017": 0, 
        "scale1fb_2018": 0, 
        "xs": 0.14971675
    }, 
    "TT_FCNC-TtoHJ_aTleptonic_HToaa_eta_hut-MadGraph5-pythia8": {
        "br": 1.0, 
        "filter_eff": 1, 
        "matched_xs": true, 
        "productions": {
            "RunIISummer16MiniAODv3-PUMoriond17_94X_mcRun2_asymptotic_v3-v1": {
                "n_events_tot": 1039068, 
                "sum_of_weights": 1039068.0
            }
        }, 
        "scale1fb_2016": 6.905970831552891e-05, 
        "scale1fb_2017": 0, 
        "scale1fb_2018": 0, 
        "xs": 0.071757733
    },